{
    "uvs": [],
    "faces": [33,1,0,4,5,0,1,2,3,33,5,6,2,1,3,4,5,0,33,6,7,3,2,4,6,7,5,33,0,3,7,4,1,7,6,2,33,0,1,2,3,1,0,5,7,33,7,6,5,4,6,4,3,2],
    "vertices": [-0.334429,-1.56348,0.334429,-0.334429,-1.56348,-0.334429,0.334429,-1.56348,-0.334429,0.334429,-1.56348,0.334429,-0.01873,1.56348,0.01873,-0.01873,1.56348,-0.01873,0.01873,1.56348,-0.01873,0.01873,1.56348,0.01873],
    "name": "CubeGeometry",
    "metadata": {
        "version": 3,
        "uvs": 0,
        "generator": "io_three",
        "faces": 6,
        "vertices": 8,
        "type": "Geometry",
        "normals": 8
    },
    "normals": [-0.601947,-0.524644,-0.601947,-0.601947,-0.524644,0.601947,-0.549211,0.629841,0.549211,-0.549211,0.629841,-0.549211,0.549211,0.629841,-0.549211,0.601947,-0.524644,-0.601947,0.549211,0.629841,0.549211,0.601947,-0.524644,0.601947]
}