{
    "normals": [0.674612,0.181402,0.715506,-0.674612,0.181402,0.715506,-0.861599,0.507462,0.008301,0.861599,0.507462,0.008301,0.383465,-0.89172,-0.240272,0.674612,0.181402,-0.715506,0.715506,0.181402,-0.674612,0.240272,-0.89172,-0.383465,0.563799,-0.770226,-0.298013,0.861599,0.507462,-0.008301,0.240272,-0.89172,0.383465,0.715506,0.181402,0.674612,0.383465,-0.89172,0.240272,-0.240272,-0.89172,0.383465,-0.715506,0.181402,0.674612,-0.008301,0.507462,0.861599,-0.298013,-0.770226,0.563799,-0.383465,-0.89172,0.240272,-0.674612,0.181402,-0.715506,-0.715506,0.181402,-0.674612,-0.651814,0.70864,-0.269997,-0.269997,0.70864,-0.651814,-0.383465,-0.89172,-0.240272,-0.240272,-0.89172,-0.383465,0.298013,-0.770226,-0.563799,0.298013,-0.770226,0.563799,0.269997,0.70864,-0.651814,0.651814,0.70864,0.269997,0.651814,0.70864,-0.269997,-0.269997,0.70864,0.651814,0.269997,0.70864,0.651814,-0.651814,0.70864,0.269997,0.008301,0.507462,0.861599,0.691885,-0.344737,0.634358,-0.326792,0.394086,0.858974,-0.563799,-0.770226,0.298013,0.563799,-0.770226,0.298013,0.634358,-0.344737,0.691885,-0.634358,-0.344737,0.691885,-0.858974,0.394086,-0.326792,-0.563799,-0.770226,-0.298013,-0.634358,-0.344737,-0.691885,0.634358,-0.344737,-0.691885,-0.861599,0.507462,-0.008301,-0.298013,-0.770226,-0.563799,-0.008301,0.507462,-0.861599,0.008301,0.507462,-0.861599,0.326792,0.394086,0.858974,0.326792,0.394086,-0.858974,0.350841,0.742668,-0.57033,0.350841,0.742668,0.57033,0.858974,0.394086,0.326792,0.435194,0.582842,-0.686209,0.57033,0.742668,0.350841,0.691885,-0.344737,-0.634358,0.686209,0.582842,-0.435194,0.686209,0.582842,0.435194,-0.350841,0.742668,0.57033,-0.858974,0.394086,0.326792,-0.691885,-0.344737,0.634358,0.858974,0.394086,-0.326792,-0.326792,0.394086,-0.858974,-0.691885,-0.344737,-0.634358,-0.435194,0.582842,-0.686209,-0.57033,0.742668,0.350841,-0.350841,0.742668,-0.57033,0.435194,0.582842,0.686209,0.57033,0.742668,-0.350841,-0.57033,0.742668,-0.350841,-0.435194,0.582842,0.686209,-0.686209,0.582842,0.435194,-0.686209,0.582842,-0.435194],
    "uvs": [],
    "vertices": [-0.44798,-1.466,-1.08152,-0.692733,-0.299827,-1.6724,0.44798,-1.466,-1.08152,0.692733,-0.299827,-1.6724,1.08152,-1.466,-0.447979,1.6724,-0.299827,-0.692733,1.08152,-1.466,0.44798,1.6724,-0.299827,0.692733,0.447979,-1.466,1.08152,0.692733,-0.299827,1.6724,-0.44798,-1.466,1.08152,-0.692734,-0.299827,1.6724,-1.08152,-1.466,0.44798,-1.6724,-0.299827,0.692733,-1.08152,-1.466,-0.44798,-1.67241,-0.299827,-0.692733,-0.089425,6.95914,-0.215892,0.089425,6.95914,-0.215892,0.215891,6.95914,-0.089425,0.215891,6.95914,0.089425,0.089425,6.95914,0.215891,-0.089425,6.95914,0.215891,-0.215891,6.95914,0.089425,-0.215891,6.95914,-0.089425,-0.358986,-1.22467,-3.61306,-0.456904,-0.733924,-3.36355,0.358986,-1.22467,-3.61306,0.456904,-0.733924,-3.36355,3.61306,-1.22467,-0.358985,3.36355,-0.733924,-0.456904,3.61306,-1.22467,0.358986,3.36355,-0.733924,0.456905,0.358985,-1.22467,3.61306,0.456904,-0.733923,3.36355,-0.358987,-1.22467,3.61306,-0.456905,-0.733923,3.36355,-3.61306,-1.22467,0.358986,-3.36355,-0.733924,0.456904,-3.61306,-1.22467,-0.358986,-3.36355,-0.733924,-0.456904,-0.390642,0.046142,-5.3514,-0.496816,0.015645,-4.82502,0.390643,0.046142,-5.3514,0.496817,0.015645,-4.82502,5.3514,0.046142,-0.390641,4.82502,0.015645,-0.496815,5.3514,0.046142,0.390643,4.82502,0.015645,0.496817,0.390642,0.046142,5.3514,0.496815,0.015645,4.82502,-0.390643,0.046142,5.3514,-0.496817,0.015645,4.82502,-5.3514,0.046142,0.390643,-4.82502,0.015645,0.496816,-5.3514,0.046142,-0.390643,-4.82502,0.015645,-0.496817,-0.078574,1.26545,-5.63648,-0.099929,1.25932,-5.5306,0.078575,1.26545,-5.63648,0.09993,1.25932,-5.5306,5.63648,1.26545,-0.078573,5.5306,1.25932,-0.099929,5.63648,1.26545,0.078575,5.5306,1.25932,0.09993,0.078573,1.26545,5.63648,0.099929,1.25932,5.5306,-0.078575,1.26545,5.63648,-0.099931,1.25932,5.5306,-5.63648,1.26545,0.078574,-5.5306,1.25932,0.09993,-5.63648,1.26545,-0.078574,-5.5306,1.25932,-0.09993],
    "name": "CylinderGeometry",
    "faces": [33,9,11,35,33,0,1,2,3,33,2,3,5,4,4,5,6,7,33,3,2,26,27,5,4,8,9,33,6,7,9,8,10,11,0,12,33,12,13,37,36,13,14,15,16,33,10,11,13,12,17,1,14,13,33,1,15,23,16,18,19,20,21,33,1,0,14,15,18,22,23,19,33,6,4,28,30,10,7,24,25,32,0,12,14,22,13,23,32,8,10,12,12,17,13,32,4,6,8,7,10,12,32,0,2,4,22,4,7,32,0,8,12,22,12,13,32,0,4,8,22,7,12,32,17,19,18,26,27,28,32,21,20,19,29,30,27,32,23,22,21,20,31,29,32,17,16,23,26,21,20,32,17,21,19,26,29,27,32,17,23,21,26,20,29,33,15,13,22,23,19,14,31,20,33,13,11,21,22,14,1,29,31,33,11,9,20,21,1,0,30,29,33,9,7,19,20,0,11,27,30,33,7,5,18,19,11,6,28,27,33,5,3,17,18,6,5,26,28,33,3,1,16,17,5,18,21,26,33,31,30,46,47,32,25,33,34,33,34,32,48,50,35,36,37,38,33,35,34,50,51,2,35,38,39,33,26,24,40,42,8,40,41,42,33,1,3,27,25,18,5,9,43,33,8,9,33,32,12,0,3,36,33,15,14,38,39,19,23,44,45,33,5,7,31,29,6,11,32,46,33,14,12,36,38,23,13,16,44,33,4,5,29,28,7,6,46,24,33,11,10,34,35,1,17,35,2,33,0,1,25,24,22,18,43,40,33,10,8,32,34,17,12,36,35,33,2,0,24,26,4,22,40,8,33,7,6,30,31,11,10,25,32,33,13,15,39,37,14,19,45,15,33,53,55,71,69,47,48,49,50,33,43,42,58,59,51,42,52,53,33,46,44,60,62,33,54,55,56,33,47,46,62,63,34,33,56,57,33,30,28,44,46,25,24,54,33,33,27,26,42,43,9,8,42,51,33,37,39,55,53,15,45,48,47,33,25,27,43,41,43,9,51,58,33,36,37,53,52,16,15,47,59,33,33,35,51,49,3,2,39,60,33,32,33,49,48,36,3,60,37,33,29,31,47,45,46,32,34,61,33,28,29,45,44,24,46,61,54,33,39,38,54,55,45,44,62,48,33,24,25,41,40,40,43,58,41,33,38,36,52,54,44,16,59,62,33,56,57,59,58,63,64,53,52,33,60,61,63,62,55,65,57,56,33,64,65,67,66,66,67,68,69,33,68,69,71,70,70,50,49,71,33,41,43,59,57,58,51,53,64,33,52,53,69,68,59,47,50,70,33,49,51,67,65,60,39,68,67,33,48,49,65,64,37,60,67,66,33,45,47,63,61,61,34,57,65,33,44,45,61,60,54,61,65,55,33,55,54,70,71,48,62,71,49,33,40,41,57,56,41,58,64,63,33,54,52,68,70,62,59,70,71,33,42,40,56,58,42,41,63,52,33,51,50,66,67,39,38,69,68,33,50,48,64,66,38,37,66,69],
    "metadata": {
        "generator": "io_three",
        "normals": 72,
        "vertices": 72,
        "uvs": 0,
        "version": 3,
        "faces": 76,
        "type": "Geometry"
    }
}