{
    "name": "Cone.001Geometry",
    "normals": [-0.780877,-0.432356,0.45085,0,1,0,-0.780877,-0.432356,-0.45085,0,-0.432356,-0.9017,0.780877,-0.432356,-0.45085,0,-0.432356,0.9017,0.780877,-0.432356,0.45085,0,-0.609973,-0.792383,0,0.609973,-0.792383,0.686239,0.609973,-0.396191,0.686239,-0.609973,-0.396191,0.686239,0.609973,0.396191,0.686239,-0.609973,0.396191,0,0.609973,0.792383,0,-0.609973,0.792383,-0.686239,0.609973,0.396191,-0.686239,-0.609973,0.396191,-0.686239,0.609973,-0.396191,-0.686239,-0.609973,-0.396191],
    "uvs": [],
    "vertices": [0,-1,-1,0.866025,-1,-0.5,0.866025,-1,0.5,-0,-1,1,0,1,-0,-0.866025,-1,0.5,-0.866025,-1,-0.5,0,-2.6246,-0.42428,0,-0.945961,-0.42428,0.367437,-2.6246,-0.21214,0.367437,-0.945961,-0.21214,0.367437,-2.6246,0.21214,0.367437,-0.945961,0.21214,-0,-2.6246,0.42428,-0,-0.945961,0.42428,-0.367437,-2.6246,0.21214,-0.367437,-0.945961,0.21214,-0.367437,-2.6246,-0.21214,-0.367437,-0.945961,-0.21214],
    "faces": [32,5,4,6,0,1,2,32,0,4,1,3,1,4,32,3,4,5,5,1,0,32,2,4,3,6,1,5,32,6,4,0,2,1,3,32,1,4,2,4,1,6,32,0,5,6,3,0,2,32,2,3,5,6,5,0,32,0,1,2,3,4,6,32,0,2,5,3,6,0,33,7,8,10,9,7,8,9,10,33,9,10,12,11,10,9,11,12,33,11,12,14,13,12,11,13,14,33,13,14,16,15,14,13,15,16,32,10,14,12,9,13,11,32,18,16,14,17,15,13,32,10,8,18,9,8,17,32,10,18,14,9,17,13,33,17,18,8,7,18,17,8,7,33,15,16,18,17,16,15,17,18,32,7,15,17,7,16,18,32,11,13,15,12,14,16,32,7,9,11,7,10,12,32,7,11,15,7,12,16],
    "metadata": {
        "normals": 19,
        "vertices": 19,
        "generator": "io_three",
        "version": 3,
        "type": "Geometry",
        "uvs": 0,
        "faces": 24
    }
}